{
  "Workflows": [
    {
      "Path": null,
      "SortBy": 0,
      "VariablesSectionElementsOrder": [],
      "ArgumentsSectionElementsOrder": null,
      "ConstantsSectionElementsOrder": [],
      "AddedNamespaces": null
    },
    {
      "Path": "Main.xaml",
      "SortBy": 0,
      "VariablesSectionElementsOrder": [
        "Str_Date&Flowchart_1",
        "Str_Income&Flowchart_1",
        "Str_Expend&Flowchart_1",
        "DT_Config&Flowchart_1",
        "Open_URL&Flowchart_1",
        "Save_URL&Flowchart_1",
        "Result_URL&Flowchart_1"
      ],
      "ArgumentsSectionElementsOrder": [],
      "ConstantsSectionElementsOrder": [],
      "AddedNamespaces": null
    }
  ]
}